Model,MAE,RMSE
ARIMA,0.07120528649401275,0.0877393991859956
Prophet,6.269671202083525,7.74953237419449
